Date,3,6,9,12,24,36,48,60,72,84,96,108,120
5/1/2018,-0.616,-0.606,-0.595,-0.681,-0.718,-0.611,-0.468,-0.279,-0.164,-0.027,0.095,0.214,0.343
4/1/2018,-0.676,-0.661,-0.611,-0.637,-0.573,-0.435,-0.256,-0.059,0.054,0.184,0.31,0.428,0.562
3/1/2018,-0.786,-0.67,-0.671,-0.674,-0.588,-0.458,-0.291,-0.103,0.006,0.136,0.252,0.372,0.493
2/1/2018,-0.7,-0.634,-0.659,-0.643,-0.534,-0.428,-0.231,0.024,0.157,0.296,0.418,0.54,0.654
1/1/2018,-0.683,-0.717,-0.575,-0.61,-0.529,-0.348,-0.143,-0.004,0.137,0.274,0.385,0.515,0.697
12/1/2017,-0.803,-0.84,-0.676,-0.716,-0.632,-0.504,-0.349,-0.202,-0.096,0.037,0.152,0.284,0.427
11/1/2017,-0.912,-0.78,-0.72,-0.732,-0.684,-0.597,-0.442,-0.307,-0.193,-0.054,0.066,0.211,0.367
10/1/2017,-0.834,-0.755,-0.732,-0.757,-0.75,-0.63,-0.49,-0.349,-0.23,-0.093,0.042,0.204,0.364
9/1/2017,-0.73,-0.846,-0.724,-0.738,-0.681,-0.625,-0.475,-0.269,-0.149,-0.013,0.132,0.307,0.464
8/1/2017,-0.726,-0.761,-0.736,-0.732,-0.733,-0.675,-0.535,-0.34,-0.242,-0.106,0.039,0.208,0.359
7/1/2017,-0.737,-0.695,-0.688,-0.666,-0.68,-0.582,-0.424,-0.179,-0.062,0.079,0.233,0.402,0.533
6/1/2017,-0.768,-0.738,-0.664,-0.661,-0.573,-0.499,-0.38,-0.221,-0.082,0.05,0.221,0.393,0.465
5/1/2017,-0.9,-0.716,-0.716,-0.743,-0.716,-0.696,-0.574,-0.428,-0.273,-0.13,-0.029,0.126,0.311
4/1/2017,-0.905,-0.805,-0.655,-0.74,-0.729,-0.665,-0.543,-0.389,-0.239,-0.106,0.004,0.15,0.324
3/1/2017,-0.894,-0.864,-0.896,-0.736,-0.74,-0.647,-0.537,-0.381,-0.281,-0.152,0.007,0.161,0.331
2/1/2017,-0.896,-0.801,-0.896,-0.896,-0.896,-0.862,-0.74,-0.57,-0.439,-0.301,-0.141,0.028,0.208
1/1/2017,-0.818,-0.877,-0.786,-0.708,-0.698,-0.665,-0.511,-0.401,-0.178,-0.047,0.107,0.274,0.437
12/1/2016,-0.93,-0.827,-0.832,-0.845,-0.782,-0.75,-0.661,-0.536,-0.335,-0.201,-0.057,0.114,0.208
11/1/2016,-0.774,-0.78,-0.771,-0.791,-0.728,-0.678,-0.561,-0.428,-0.247,-0.138,0.025,0.195,0.274
10/1/2016,-0.749,-0.742,-0.744,-0.701,-0.618,-0.599,-0.508,-0.399,-0.329,-0.259,-0.132,0.003,0.163
9/1/2016,-0.785,-0.657,-0.706,-0.695,-0.688,-0.7,-0.695,-0.568,-0.541,-0.479,-0.387,-0.271,-0.12
8/1/2016,-0.809,-0.625,-0.614,-0.594,-0.618,-0.641,-0.612,-0.502,-0.478,-0.418,-0.324,-0.201,-0.065
7/1/2016,-0.737,-0.605,-0.619,-0.623,-0.626,-0.656,-0.642,-0.527,-0.525,-0.461,-0.363,-0.244,-0.12
6/1/2016,-0.649,-0.647,-0.583,-0.613,-0.649,-0.621,-0.602,-0.558,-0.494,-0.436,-0.344,-0.194,-0.127
5/1/2016,-0.564,-0.568,-0.526,-0.539,-0.509,-0.494,-0.467,-0.367,-0.282,-0.211,-0.102,0.074,0.147
4/1/2016,-0.559,-0.558,-0.522,-0.528,-0.476,-0.458,-0.389,-0.281,-0.181,-0.095,0.025,0.145,0.282
3/1/2016,-0.559,-0.466,-0.427,-0.455,-0.485,-0.477,-0.42,-0.326,-0.295,-0.206,-0.11,0.032,0.156
2/1/2016,-0.547,-0.427,-0.465,-0.501,-0.57,-0.532,-0.511,-0.403,-0.364,-0.263,-0.159,-0.011,0.108
1/1/2016,-0.395,-0.439,-0.404,-0.449,-0.484,-0.439,-0.38,-0.303,-0.197,-0.075,0.043,0.201,0.334
12/1/2015,-0.604,-0.33,-0.359,-0.374,-0.34,-0.271,-0.152,-0.038,0.094,0.243,0.363,0.575,0.635
11/1/2015,-0.391,-0.419,-0.41,-0.364,-0.414,-0.36,-0.274,-0.182,-0.07,0.07,0.195,0.403,0.475
10/1/2015,-0.375,-0.33,-0.345,-0.299,-0.312,-0.276,-0.199,-0.075,-0.006,0.106,0.228,0.381,0.523
9/1/2015,-0.319,-0.301,-0.27,-0.243,-0.247,-0.197,-0.128,0.002,0.078,0.197,0.297,0.45,0.59
8/1/2015,-0.296,-0.206,-0.268,-0.222,-0.194,-0.114,-0.022,0.132,0.235,0.376,0.498,0.666,0.795
7/1/2015,-0.282,-0.236,-0.292,-0.244,-0.227,-0.212,-0.121,0.048,0.109,0.231,0.381,0.541,0.648
6/1/2015,-0.112,-0.256,-0.254,-0.242,-0.222,-0.164,-0.039,0.081,0.233,0.389,0.519,0.667,0.77
5/1/2015,-0.272,-0.246,-0.237,-0.248,-0.22,-0.194,-0.104,0.001,0.095,0.193,0.286,0.409,0.486
4/1/2015,-0.372,-0.188,-0.234,-0.248,-0.224,-0.154,-0.07,0.008,0.073,0.152,0.214,0.302,0.364
3/1/2015,-0.243,-0.215,-0.225,-0.227,-0.247,-0.221,-0.171,-0.101,-0.075,-0.026,0.032,0.104,0.185
2/1/2015,-0.213,-0.184,-0.203,-0.186,-0.22,-0.21,-0.175,-0.087,-0.054,0.015,0.106,0.21,0.324
1/1/2015,-0.172,-0.109,-0.132,-0.143,-0.184,-0.171,-0.155,-0.041,-0.014,0.048,0.124,0.219,0.313
12/1/2014,-0.252,-0.062,-0.099,-0.079,-0.105,-0.082,-0.068,0.014,0.085,0.186,0.317,0.466,0.54
11/1/2014,-0.086,-0.058,-0.059,-0.031,-0.032,-0.022,0.016,0.114,0.197,0.315,0.463,0.624,0.702
10/1/2014,-0.137,-0.058,-0.059,-0.056,-0.056,-0.03,0.017,0.128,0.223,0.36,0.547,0.68,0.841
9/1/2014,-0.073,-0.025,-0.049,-0.051,-0.075,-0.057,0.023,0.147,0.255,0.417,0.611,0.77,0.946
8/1/2014,-0.025,-0.01,-0.02,-0.011,-0.029,-0.019,0.038,0.174,0.304,0.452,0.63,0.771,0.888
7/1/2014,0.029,0.026,0.034,0.044,0.038,0.049,0.147,0.313,0.454,0.63,0.833,1.045,1.17
6/1/2014,-0.027,0.043,0.028,0.027,0.031,0.067,0.161,0.349,0.5,0.691,0.901,1.076,1.251
5/1/2014,0.061,0.079,0.067,0.09,0.066,0.099,0.236,0.428,0.595,0.792,1.001,1.18,1.357
4/1/2014,-0.005,0.114,0.147,0.142,0.144,0.217,0.379,0.551,0.766,0.97,1.18,1.346,1.47
3/1/2014,0.12,0.148,0.163,0.163,0.165,0.247,0.443,0.633,0.738,0.962,1.168,1.391,1.57
2/1/2014,0.081,0.104,0.136,0.134,0.13,0.252,0.467,0.67,0.785,1.013,1.227,1.451,1.627
1/1/2014,0.103,0.096,0.092,0.086,0.073,0.143,0.323,0.651,0.79,1.014,1.242,1.477,1.659
12/1/2013,0.112,0.085,0.127,0.143,0.207,0.374,0.644,0.927,1.175,1.394,1.603,1.854,1.941
11/1/2013,0.07,0.059,0.068,0.109,0.119,0.23,0.417,0.654,0.869,1.125,1.358,1.604,1.69
10/1/2013,0.031,0.053,0.041,0.059,0.125,0.215,0.392,0.663,0.872,1.032,1.234,1.471,1.679
9/1/2013,0.02,0.038,0.069,0.1,0.172,0.294,0.501,0.79,0.866,1.122,1.337,1.576,1.78
8/1/2013,0.015,0.04,0.087,0.109,0.248,0.412,0.657,0.822,1.052,1.278,1.486,1.715,1.855
7/1/2013,0.038,0.056,0.029,0.059,0.151,0.272,0.444,0.661,0.862,1.059,1.267,1.501,1.676
6/1/2013,0.005,0.027,0.081,0.133,0.193,0.327,0.521,0.733,0.954,1.117,1.319,1.566,1.73
5/1/2013,-0.002,0.04,0.045,0.027,0.077,0.183,0.332,0.499,0.699,0.891,1.127,1.363,1.511
4/1/2013,0.016,0.024,0.026,0.001,0.007,0.047,0.188,0.331,0.499,0.668,0.868,1.097,1.211
3/1/2013,0,0.01,0.02,0.019,-0.023,0.033,0.151,0.306,0.443,0.614,0.837,1.073,1.282
2/1/2013,0.015,-0.005,0.032,0.013,0.049,0.102,0.259,0.438,0.593,0.802,1.039,1.264,1.458
1/1/2013,0.05,0.087,0.141,0.143,0.266,0.368,0.566,0.76,0.908,1.107,1.299,1.51,1.677
12/1/2012,0,-0.002,0.006,0.011,-0.028,0.008,0.146,0.285,0.533,0.756,0.974,1.174,1.306
11/1/2012,-0.027,0.009,0.016,0.013,0.01,0.074,0.233,0.406,0.663,0.87,1.067,1.261,1.383
10/1/2012,0.005,0.016,0.011,0.016,0.038,0.109,0.26,0.492,0.754,0.959,1.149,1.343,1.459
9/1/2012,0.006,0.011,0.036,0.008,0.021,0.092,0.268,0.507,0.646,0.852,1.043,1.217,1.434
8/1/2012,-0.095,0.027,-0.096,0.01,-0.032,0.003,0.165,0.344,0.571,0.785,0.984,1.157,1.34
7/1/2012,-0.001,-0.011,0.02,-0.023,-0.088,-0.029,0.122,0.305,0.524,0.733,0.92,1.091,1.283
6/1/2012,0.015,0.018,0.044,0.035,0.124,0.219,0.412,0.609,0.843,1.061,1.233,1.398,1.579
5/1/2012,0.018,-0.009,-0.009,0.021,0.006,0.052,0.153,0.346,0.565,0.747,0.903,1.037,1.211
4/1/2012,-0.002,0.02,0.065,0.053,0.083,0.187,0.386,0.603,0.898,1.108,1.299,1.472,1.663
3/1/2012,0.056,0.078,0.134,0.111,0.209,0.349,0.58,0.798,1.013,1.222,1.422,1.62,1.798
2/1/2012,0.051,0.066,0.069,0.079,0.188,0.327,0.553,0.811,0.998,1.214,1.432,1.625,1.811
1/1/2012,0.032,0.044,0.078,0.086,0.165,0.335,0.535,0.744,0.974,1.209,1.436,1.625,1.793
12/1/2011,-0.087,-0.073,-0.047,-0.086,0.152,0.275,0.495,0.745,1.059,1.316,1.518,1.671,1.825
11/1/2011,0.029,0.002,0.031,0.033,0.335,0.534,0.844,1.162,1.497,1.771,1.964,2.12,2.281
10/1/2011,0.262,0.243,0.205,0.347,0.544,0.687,0.9,1.166,1.427,1.622,1.783,1.936,2.025
9/1/2011,0.248,0.225,0.385,0.38,0.554,0.712,0.932,1.165,1.292,1.425,1.603,1.729,1.888
8/1/2011,0.435,0.491,0.521,0.664,0.73,0.934,1.18,1.322,1.555,1.72,1.917,2.057,2.222
7/1/2011,1.011,0.91,1.022,1.065,1.165,1.41,1.614,1.733,1.966,2.151,2.297,2.432,2.545
6/1/2011,1.047,1.218,1.326,1.393,1.606,1.73,2.04,2.282,2.501,2.661,2.807,2.92,3.028
5/1/2011,0.873,1.106,1.242,1.277,1.609,1.778,2.065,2.291,2.519,2.688,2.821,2.938,3.021
4/1/2011,0.843,1.166,1.319,1.38,1.774,2.03,2.365,2.603,2.824,2.967,3.066,3.171,3.236
3/1/2011,0.711,0.88,1.138,1.209,1.795,2.063,2.432,2.678,2.853,3.026,3.17,3.279,3.358
2/1/2011,0.52,0.792,0.95,1.039,1.525,1.772,2.132,2.395,2.598,2.786,2.96,3.084,3.171
1/1/2011,0.654,0.731,0.908,0.961,1.37,1.742,2.128,2.391,2.616,2.809,2.969,3.102,3.163
12/1/2010,0.29,0.511,0.591,0.608,0.854,1.043,1.457,1.842,2.25,2.509,2.728,2.891,2.949
11/1/2010,0.423,0.593,0.654,0.752,0.869,1.048,1.38,1.682,2.051,2.298,2.509,2.634,2.667
10/1/2010,0.635,0.805,0.876,0.914,1.019,1.181,1.459,1.717,2.011,2.209,2.36,2.477,2.524
9/1/2010,0.504,0.56,0.668,0.715,0.838,0.997,1.238,1.493,1.698,1.877,2.058,2.191,2.285
8/1/2010,0.261,0.451,0.44,0.511,0.601,0.754,1.023,1.196,1.496,1.684,1.861,2.008,2.112
7/1/2010,0.279,0.459,0.493,0.67,0.82,1.082,1.456,1.664,1.986,2.226,2.421,2.574,2.672
6/1/2010,0.288,0.34,0.485,0.53,0.587,0.689,0.971,1.444,1.668,1.928,2.192,2.362,2.552
5/1/2010,0.196,0.197,0.309,0.346,0.51,0.668,1.055,1.555,1.756,2.021,2.282,2.465,2.653
4/1/2010,0.243,0.361,0.357,0.572,0.794,1.088,1.505,1.99,2.208,2.451,2.684,2.858,2.965
3/1/2010,0.325,0.385,0.504,0.644,0.976,1.273,1.707,2.142,2.371,2.616,2.83,2.996,3.102
2/1/2010,0.238,0.354,0.403,0.522,0.857,1.321,1.736,2.129,2.37,2.61,2.845,3.01,3.107
1/1/2010,0.274,0.336,0.517,0.645,1.137,1.579,1.956,2.283,2.511,2.753,2.955,3.092,3.2
12/1/2009,0.32,0.474,0.602,0.77,1.338,1.658,2.106,2.438,2.76,2.999,3.182,3.295,3.401
11/1/2009,0.393,0.475,0.627,0.762,1.26,1.604,1.97,2.24,2.547,2.731,2.926,3.045,3.16
10/1/2009,0.345,0.528,0.661,0.818,1.304,1.771,2.164,2.423,2.712,2.896,3.082,3.195,3.241
9/1/2009,0.355,0.507,0.53,0.626,1.265,1.794,2.156,2.386,2.563,2.777,2.974,3.108,3.206
8/1/2009,0.384,0.451,0.512,0.619,1.279,1.681,2.106,2.39,2.68,2.886,3.059,3.175,3.268
7/1/2009,0.32,0.506,0.51,0.64,1.292,1.64,2.102,2.411,2.697,2.92,3.093,3.197,3.304
6/1/2009,0.761,0.781,0.794,0.854,1.362,1.726,2.21,2.494,2.825,3.05,3.207,3.273,3.385
5/1/2009,0.721,0.776,0.83,0.9,1.444,1.769,2.325,2.655,2.996,3.231,3.42,3.497,3.612
4/1/2009,0.687,0.781,0.77,0.905,1.357,1.74,2.15,2.373,2.682,2.923,3.058,3.117,3.183
3/1/2009,0.577,0.703,0.711,0.814,1.255,1.656,2.04,2.25,2.435,2.637,2.793,2.872,2.997
2/1/2009,0.822,0.86,0.862,0.913,1.311,1.7,2.048,2.211,2.496,2.736,2.89,2.941,3.091
1/1/2009,1.374,1.097,,1.231,1.524,2.019,2.34,2.464,2.76,2.988,3.119,3.179,3.277
12/1/2008,1.736,1.73,,1.78,1.744,1.87,2.25,2.351,2.567,2.779,2.892,2.92,2.947
11/1/2008,2.165,2.019,,2.023,2.174,2.184,2.57,2.664,2.84,3.048,3.179,3.234,3.251
10/1/2008,2.403,2.252,,2.541,2.504,2.838,3.122,3.167,3.451,3.655,3.817,3.851,3.878
9/1/2008,3.249,3.496,,3.388,3.493,3.62,3.748,3.759,3.822,3.931,3.968,3.989,4.03
8/1/2008,4.332,4.291,,4.375,4.119,4.052,4.121,4.104,4.077,4.109,4.145,4.15,4.174
7/1/2008,4.285,4.38,,4.47,4.244,4.248,4.283,4.261,4.258,4.296,4.347,4.327,4.352
6/1/2008,4.234,4.421,,4.676,4.609,4.616,4.698,4.652,4.641,4.645,4.645,4.598,4.628
5/1/2008,3.929,4.108,,4.302,4.323,4.266,4.376,4.302,4.35,4.373,4.423,4.419,4.454
4/1/2008,4.094,3.984,,4.019,3.714,3.782,3.912,3.892,3.993,4.062,4.132,4.119,4.116
3/1/2008,3.984,3.761,,3.797,3.454,3.549,3.62,3.559,3.702,3.767,3.859,3.909,3.901
2/1/2008,3.853,3.779,,3.656,3.161,3.215,3.323,3.354,3.459,3.588,3.713,3.813,3.874
1/1/2008,3.934,3.862,,3.727,3.382,3.491,3.551,3.564,3.656,3.747,3.836,3.888,3.933
12/1/2007,3.791,4.001,,4.124,3.997,4.02,4.099,4.123,4.194,4.259,4.283,4.294,4.324
11/1/2007,3.959,3.983,,4.036,3.837,3.85,3.939,3.908,4.009,4.058,4.087,4.105,4.159
10/1/2007,4.032,4.086,,4.207,4.114,4.161,4.181,4.199,4.244,4.264,4.274,4.275,4.29
9/1/2007,3.881,3.934,,4.054,4.03,4.121,4.17,4.159,4.216,4.266,4.293,4.316,4.344
8/1/2007,3.914,3.995,,4.127,3.972,4.044,4.077,4.072,4.125,4.159,4.181,4.193,4.216
7/1/2007,4.09,4.195,,4.348,4.271,4.306,4.314,4.299,4.321,4.326,4.32,4.31,4.328
6/1/2007,4.043,4.147,,4.41,4.404,4.497,4.531,4.498,4.554,4.551,4.563,4.537,4.555
5/1/2007,4.129,4.14,,4.29,4.31,4.391,4.424,4.395,4.402,4.406,4.394,4.404,4.388
4/1/2007,3.878,3.971,,4.156,4.161,4.17,4.185,4.191,4.198,4.211,4.206,4.215,4.219
3/1/2007,3.811,3.903,,4.015,4.004,4.006,4.016,4.012,4.029,4.041,4.043,4.033,4.061
2/1/2007,3.676,3.79,,3.894,3.867,3.868,3.847,3.844,3.883,3.908,3.911,3.905,3.922
1/1/2007,3.589,3.76,,3.909,3.961,3.997,4.037,4.034,4.071,4.089,4.094,4.093,4.103
12/1/2006,3.482,3.661,,3.863,3.901,3.892,3.909,3.928,3.937,3.951,3.95,3.944,3.946
11/1/2006,3.432,3.531,,3.819,3.689,3.617,3.664,3.671,3.671,3.704,3.684,3.687,3.691
10/1/2006,3.308,3.456,,3.717,3.711,3.711,3.726,3.73,3.752,3.77,3.749,3.772,3.787
9/1/2006,3.24,3.379,,3.572,3.499,3.561,3.575,3.608,3.613,3.622,3.626,3.65,3.681
8/1/2006,3.155,3.302,,3.434,3.528,3.568,3.608,3.625,3.682,3.71,3.75,3.767,3.804
7/1/2006,2.988,3.183,,3.33,3.502,3.625,3.678,3.699,3.776,3.814,3.865,3.873,3.923
6/1/2006,2.855,3.023,,3.357,3.546,3.634,3.739,3.816,3.901,3.946,3.976,4.016,4.054
5/1/2006,2.713,2.901,,3.147,3.306,3.456,3.562,3.639,3.747,3.8,3.841,3.881,3.932
4/1/2006,2.615,2.851,,3.058,3.385,3.517,3.651,3.751,3.842,3.89,3.928,3.957,3.97
3/1/2006,2.62,2.799,,3.126,3.306,3.313,3.489,3.614,3.657,3.7,3.743,3.769,3.791
2/1/2006,2.495,2.636,,2.794,3.038,3.11,3.219,3.296,3.373,3.415,3.461,3.493,3.527
1/1/2006,2.416,2.579,,2.738,2.96,3.047,3.126,3.184,3.29,3.344,3.393,3.443,3.456
12/1/2005,2.338,2.513,,2.734,2.888,2.936,3.016,3.093,3.141,3.205,3.248,3.287,3.295
11/1/2005,2.217,2.485,,2.639,2.707,2.884,3.013,3.109,3.199,3.271,3.367,3.43,3.451
10/1/2005,2.138,2.242,,2.47,2.626,2.806,2.933,3.01,3.132,3.216,3.308,3.382,3.411
9/1/2005,3.24,3.25,,2.199,2.2,2.406,2.546,2.742,2.793,2.895,2.997,3.082,3.154
8/1/2005,3.66,3.55,,2.12,2.172,2.36,2.506,2.592,2.748,2.866,2.962,3.068,3.153
7/1/2005,3.63,3.59,,2.114,2.209,2.305,2.476,2.634,2.808,2.92,3.056,3.162,3.218
6/1/2005,3.56,3.56,,1.96,2.021,2.163,2.357,2.527,2.721,2.865,2.974,3.079,3.194
5/1/2005,3.48,3.57,,2.101,2.12,2.407,2.586,2.696,2.887,3.02,3.145,3.249,3.333
4/1/2005,3.52,3.61,,2.067,2.23,2.435,2.589,2.792,2.898,3.042,3.194,3.296,3.389
3/1/2005,3.56,3.68,,2.196,2.473,2.735,2.898,3.041,3.219,3.35,3.473,3.582,3.668
2/1/2005,3.57,3.67,,2.223,2.484,2.721,2.934,3.069,3.248,3.386,3.511,3.617,3.711
1/1/2005,3.65,3.75,,2.202,2.375,2.492,2.781,2.912,3.081,3.216,3.341,3.45,3.54
12/1/2004,3.59,3.68,,2.273,2.42,2.626,2.913,3.032,3.204,3.352,3.482,3.588,3.68
11/1/2004,3.52,3.6,,2.266,2.377,2.57,2.915,3.066,3.28,3.459,3.605,3.718,3.818
10/1/2004,3.52,3.64,,2.168,2.456,2.676,3.051,3.166,3.365,3.536,3.711,3.813,3.86
9/1/2004,3.61,3.75,,2.18,2.594,2.752,3.07,3.289,3.429,3.566,3.718,3.845,3.965
8/1/2004,3.77,3.87,,2.138,2.455,2.816,3.107,3.381,3.52,3.702,3.857,3.983,4.07
7/1/2004,3.69,3.82,,2.202,2.688,3.061,3.352,3.525,3.763,3.934,4.077,4.193,4.27
6/1/2004,3.42,3.5,,2.226,2.76,3.022,3.34,3.621,3.76,3.94,4.099,4.228,4.358
5/1/2004,3.31,3.45,,2.193,2.495,2.905,3.228,3.526,3.671,3.873,4.045,4.189,4.32
4/1/2004,3.19,3.29,,2.131,2.416,2.832,3.157,3.453,3.603,3.802,3.975,4.121,4.212
3/1/2004,3.1,3.16,,1.872,2.106,2.477,2.804,3.105,3.27,3.491,3.678,3.827,3.938
2/1/2004,3.12,3.13,,2.021,2.234,2.668,2.98,3.271,3.442,3.657,3.842,3.975,4.084
1/1/2004,3.13,3.16,,2.067,2.514,2.728,3.106,3.394,3.685,3.874,4.035,4.147,4.243
12/1/2003,3.15,3.18,,2.136,2.46,2.878,3.23,3.504,3.77,3.97,4.118,4.223,4.292
11/1/2003,3.15,3.15,,2.209,2.817,3.145,3.498,3.754,4.008,4.17,4.3,4.394,4.452
10/1/2003,3.04,3.06,,2.187,2.682,3,3.341,3.589,3.863,4.024,4.162,4.255,4.325
9/1/2003,3.05,3.09,,2.043,2.298,2.629,2.96,3.108,3.369,3.592,3.763,3.896,4.004
8/1/2003,3.17,3.12,,2.206,2.571,2.979,3.294,3.434,3.659,3.834,3.981,4.09,4.188
7/1/2003,3.08,3.1,,2.107,2.481,2.918,3.229,3.389,3.644,3.823,3.985,4.105,4.196
6/1/2003,3,3.07,,1.987,2.11,2.483,2.788,2.944,3.203,3.423,3.602,3.743,3.801
5/1/2003,3.04,3.05,,2.059,2.1,2.462,2.729,2.849,3.126,3.347,3.518,3.644,3.675
4/1/2003,3.28,3.32,,2.287,2.387,2.838,3.12,3.238,3.527,3.742,3.899,4.027,4.065
3/1/2003,3.35,3.35,,1.986,2.409,2.575,2.866,3.231,3.404,3.635,3.818,3.956,4.033
2/1/2003,3.25,3.25,,2.262,2.278,2.432,2.684,2.944,3.231,3.465,3.655,3.804,3.896
1/1/2003,3.15,3.15,,2.466,2.587,2.754,3.012,3.26,3.526,3.718,3.889,4.006,4.058
12/1/2002,3.26,3.26,,2.658,2.712,2.906,3.17,3.372,3.663,3.853,4.028,4.143,4.194
11/1/2002,3.29,3.28,,2.935,2.986,3.337,3.587,3.795,3.95,4.144,4.289,4.415,4.488
10/1/2002,3.28,3.2,,2.979,3.09,3.285,3.538,3.807,3.991,4.124,4.275,4.401,4.506
9/1/2002,3.7,3.6,,2.914,3.059,3.252,3.447,3.572,3.768,3.97,4.113,4.214,4.272
8/1/2002,3.88,3.8,,3.222,3.459,3.508,3.798,4.032,4.165,4.334,4.45,4.518,4.563
7/1/2002,4,3.97,,3,3.617,3.742,4.023,4.184,4.394,4.548,4.656,4.714,4.752
6/1/2002,3.93,3.93,,3.617,3.915,4.095,4.349,4.5,4.594,4.752,4.857,4.923,4.944
5/1/2002,4.12,4.12,,3.894,4.259,4.442,4.678,4.719,4.907,5.028,5.116,5.167,5.173
4/1/2002,4.43,4.43,,3.781,4.072,4.314,4.583,4.683,4.83,4.973,5.059,5.113,5.125
3/1/2002,4.34,4.34,,3.66,4.34,4.571,4.817,4.908,5.02,5.135,5.212,5.251,5.239
2/1/2002,4.37,4.43,,3.438,3.856,3.995,4.29,4.49,4.579,4.703,4.828,4.907,4.951
1/1/2002,4.42,4.47,,3.482,3.878,4.076,4.329,4.481,4.596,4.71,4.813,4.877,4.899
12/1/2001,4.62,4.7,,3.312,3.645,3.915,4.193,4.402,4.534,4.701,4.882,4.977,4.997
11/1/2001,4.93,5.2,,3.218,3.377,3.629,3.862,4.031,4.153,4.335,4.469,4.535,4.557
10/1/2001,4.95,5.14,,3.162,3.114,3.354,3.58,3.727,3.872,4.051,4.223,4.316,4.373
9/1/2001,5.06,5.31,,3.383,3.472,3.709,3.919,4.09,4.271,4.472,4.658,4.703,4.801
8/1/2001,5.18,5.2,,3.903,3.937,3.927,4.107,4.203,4.4,4.548,4.671,4.729,4.785
7/1/2001,5.02,5.12,,4.129,4.119,4.134,4.308,4.412,4.557,4.678,4.793,4.823,4.878
6/1/2001,5.06,5.12,,4.248,4.258,4.325,4.498,4.585,4.755,4.905,5.033,5.06,5.098
5/1/2001,4.87,5,,4.373,4.372,4.458,4.64,4.723,4.791,4.954,5.061,5.126,5.156
4/1/2001,4.85,4.9,,4.646,4.507,4.626,4.721,4.764,4.785,4.906,4.972,4.983,5.013
3/1/2001,4.88,4.88,,4.272,4.1,4.173,4.226,4.304,4.34,4.513,4.606,4.642,4.687
2/1/2001,5,5,,4.459,4.357,4.383,4.432,4.475,4.531,4.635,4.722,4.707,4.747
1/1/2001,5.2,5.13,,4.55,4.37,4.404,4.456,4.508,4.609,4.694,4.765,4.754,4.8
12/1/2000,5.56,5.5,,4.603,4.395,4.418,4.453,4.475,4.633,4.721,4.814,4.821,4.858
11/1/2000,,,,4.926,4.801,4.8,4.817,4.814,4.916,4.965,4.974,4.944,4.996
10/1/2000,,,,5.156,5.049,5.065,5.088,5.079,5.156,5.212,5.225,5.215,5.24
9/1/2000,,,,4.967,5.035,5.051,5.095,5.067,5.196,5.229,5.248,5.235,5.23
8/1/2000,,,,5.032,5.198,5.226,5.271,5.238,5.341,5.361,5.361,5.327,5.301
7/1/2000,,,,4.934,5.09,5.11,5.152,5.135,5.226,5.26,5.259,5.238,5.212
6/1/2000,,,,4.812,4.93,4.985,5.018,5.046,5.205,5.279,5.285,5.225,5.223
5/1/2000,,,,4.882,4.892,4.975,5.069,5.039,5.198,5.247,5.251,5.224,5.177
4/1/2000,,,,4.429,4.579,4.798,4.898,5.009,5.188,5.241,5.297,5.271,5.304
3/1/2000,,,,3.25,4.42,4.633,4.742,4.861,5.053,5.151,5.198,5.182,5.223
2/1/2000,,,,3.47,4.438,4.803,4.952,5.086,5.28,5.394,5.465,5.487,5.491
1/1/2000,,,,3.5,4.383,4.57,4.846,5.052,5.293,5.45,5.522,5.515,5.539
12/1/1999,,,,3.55,4.189,4.429,4.672,4.805,5.042,5.202,5.261,9.21,5.351
11/1/1999,,,,3.64,3.949,4.234,4.446,4.613,4.833,5.049,5.062,5.084,5.19
10/1/1999,,,,3.8,3.875,4.162,4.433,4.602,4.857,5.058,5.093,5.12,5.103
9/1/1999,,,,3.87,3.661,3.956,4.248,4.42,4.708,4.827,5.024,5.151,5.129
8/1/1999,,,,3.88,3.495,3.869,4.15,4.306,4.536,4.609,4.779,4.898,4.904
7/1/1999,,,,3.95,3.396,3.699,4.006,4.19,4.41,4.522,4.699,4.885,4.825
6/1/1999,,,,3.9,3.166,3.485,3.772,3.646,3.896,4.22,4.398,4.577,4.48
5/1/1999,,,,3.74,2.804,2.974,3.214,3.398,3.592,3.766,3.94,4.115,4.129
4/1/1999,,,,3.79,2.696,2.852,3.016,3.194,3.407,3.611,3.78,3.827,3.834
3/1/1999,,,,3.94,2.87,3.079,3.253,3.398,3.582,3.773,3.933,3.981,3.994
2/1/1999,,,,4.09,3.142,3.277,3.417,3.546,3.752,3.879,3.997,4.039,4.001
1/1/1999,,,,4.1,2.863,3.006,3.134,3.216,3.393,3.531,3.646,3.67,3.635
12/1/1998,,,,3.78,3.157,3.134,3.275,3.32,3.549,3.674,3.78,3.767,3.863
11/1/1998,,,,3.63,3.274,3.363,3.422,3.511,3.722,3.802,3.882,3.955,3.962
10/1/1998,,,,3.44,3.275,3.513,3.589,3.735,3.931,4.011,4.12,4.264,4.126
9/1/1998,,,,3.26,3.43,3.473,3.515,3.642,3.739,3.827,3.88,3.884,3.889
8/1/1998,,,,3.25,3.442,3.61,3.758,3.89,4.01,4.089,4.189,4.103,4.199
7/1/1998,,,,3.27,3.927,4.132,4.257,4.358,4.462,4.552,4.623,4.631,4.696
6/1/1998,,,,3.32,3.978,4.144,4.294,4.403,4.537,4.633,4.717,4.753,4.776
5/1/1998,,,,3.21,3.992,4.219,4.378,4.461,4.577,4.721,4.797,4.833,4.865
4/1/1998,,,,3.13,4.165,4.39,4.532,4.652,4.772,4.87,4.928,4.931,4.986
3/1/1998,,,,3.15,4.017,4.242,4.403,4.531,4.651,4.745,4.825,4.912,4.904
2/1/1998,,,,3.2,3.87,4.126,4.311,4.501,4.628,4.739,4.846,4.889,4.944
1/1/1998,,,,3.25,3.816,4.178,4.372,4.58,4.716,4.844,4.952,5.027,5.055
12/1/1997,,,,3.18,4.155,4.432,4.729,4.879,5.015,5.192,5.26,5.294,5.349
11/1/1997,,,,3.3,4.075,4.579,4.778,5.033,5.175,5.292,5.38,5.391,5.447
10/1/1997,,,,3.48,4.159,4.627,4.81,5.026,5.134,5.33,5.457,5.526,5.57
9/1/1997,,,,3.55,4.047,4.382,4.623,4.84,5.031,5.192,5.328,5.369,5.522
8/1/1997,,,,3.37,3.912,4.224,4.486,4.922,5.126,5.32,5.481,5.577,5.694
7/1/1997,,,,3.22,3.755,4.058,4.29,4.496,4.909,5.153,5.342,5.538,5.543
6/1/1997,,,,3.4,3.547,3.88,4.184,4.509,5.043,5.255,5.461,5.56,5.67
5/1/1997,,,,3.35,3.585,4.095,4.432,4.734,5.202,5.425,5.692,5.809,5.93
4/1/1997,,,,3.2,3.58,3.974,4.305,4.553,5.121,5.328,5.583,5.671,5.804
3/1/1997,,,,3.6,3.764,4.102,4.465,4.718,5.216,5.509,5.691,5.889,5.869
2/1/1997,,,,3.75,3.5,3.802,4.195,4.476,4.904,5.16,5.328,5.465,5.503
1/1/1997,,,,4,3.409,3.776,4.158,4.384,4.953,5.204,5.496,5.645,5.778
12/1/1996,,,,3.97,3.487,3.906,4.315,4.5,5.18,5.423,5.623,5.9,5.799
11/1/1996,,,,4,3.425,3.773,4.28,4.463,4.996,5.264,5.49,5.618,5.614
10/1/1996,,,,4.5,3.649,4.072,4.642,4.734,5.377,5.656,5.859,5.967,5.993
9/1/1996,,,,4.43,3.61,4.148,4.657,5.096,5.447,5.716,5.933,6.031,6.087
8/1/1996,,,,4.37,3.831,4.352,4.92,5.158,5.689,6.001,6.184,6.333,6.365
7/1/1996,,,,4.69,4.054,4.516,4.982,5.261,5.776,6.064,6.236,6.299,6.371
6/1/1996,,,,4.87,4.157,4.706,5.172,5.409,5.902,6.103,6.277,6.458,6.597
5/1/1996,,,,5.6,3.959,4.439,4.937,5.213,5.803,6.04,6.23,6.429,6.524
4/1/1996,,,,5.56,3.783,4.316,4.815,5.044,5.586,5.927,6.125,6.276,6.35
3/1/1996,,,,5.75,3.911,4.307,4.88,5.185,5.735,6.014,6.239,6.325,6.435
2/1/1996,,,,5.5,3.957,4.309,4.887,5.186,5.839,6.101,6.37,6.281,6.398
1/1/1996,,,,5.5,3.661,4.021,4.436,4.656,5.303,5.519,5.724,5.864,5.906
12/1/1995,,,,5.56,3.816,4.242,4.543,4.789,5.317,5.644,5.833,5.947,6.013
11/1/1995,,,,5.26,3.944,4.232,4.652,4.883,5.408,5.728,5.857,6.093,6.15
10/1/1995,,,,5,4.241,4.807,5.066,5.301,5.824,6.09,6.282,6.423,6.425
9/1/1995,,,,5.13,4.399,4.834,5.31,5.488,6.128,6.339,6.502,6.572,6.613
8/1/1995,,,,5.02,4.684,5.144,5.552,5.679,6.252,6.464,6.611,6.665,6.677
7/1/1995,,,,5.13,5.026,5.383,5.799,5.876,6.437,6.61,6.747,6.8,6.762
6/1/1995,,,,5.31,5.088,5.633,5.865,6.062,6.667,6.896,6.975,7.04,6.902
5/1/1995,,,,,4.826,5.177,5.49,5.67,6.181,6.352,6.517,6.639,6.58
4/1/1995,,,,,5.339,5.824,6.142,6.221,6.658,6.82,6.966,7.033,7.021
3/1/1995,,,,,5.593,5.961,6.322,6.352,6.809,7.014,7.127,7.218,7.186
2/1/1995,,,,,6.269,6.632,6.843,6.871,7.168,7.336,7.425,7.41,7.372
1/1/1995,,,,,6.394,6.765,6.981,7.038,7.335,7.436,7.485,7.456,7.44
12/1/1994,,,,,6.774,7.029,7.272,7.299,7.585,7.626,7.652,7.571,7.597
11/1/1994,,,,,6.128,6.588,6.8,6.933,7.119,7.333,7.412,7.388,7.307
10/1/1994,,,,,6.238,6.726,6.989,7.126,7.402,7.594,7.652,7.668,7.638
9/1/1994,,,,,6.456,6.853,6.982,7.106,7.417,7.593,7.656,7.637,7.571
8/1/1994,,,,,5.995,6.386,6.583,6.644,7.092,7.278,7.336,7.278,7.217
7/1/1994,,,,,5.563,6.07,6.221,6.329,6.633,6.848,6.998,6.918,6.821
6/1/1994,,,,,5.761,6.323,6.489,6.458,6.866,7.089,7.227,7.158,7.056
5/1/1994,,,,,5.65,5.97,6.132,6.233,6.655,6.931,7.099,7.08,6.822
4/1/1994,,,,,5.478,5.676,5.889,5.76,6.201,6.511,6.688,6.724,6.535
3/1/1994,,,,,5.491,5.6,5.702,5.601,5.94,6.248,6.414,6.451,6.323
2/1/1994,,,,,5.497,5.583,5.639,5.552,5.839,6.116,6.337,6.379,6.099
1/1/1994,,,,,5.018,5.011,5.063,5.083,5.289,5.533,5.701,5.697,5.682
12/1/1993,,,,,4.961,4.933,4.98,4.999,5.215,5.394,5.635,5.612,5.542
11/1/1993,,,,,5.119,5.087,5.123,5.194,5.316,5.596,5.743,5.765,5.836
10/1/1993,,,,,5.324,5.265,5.331,5.322,5.461,5.726,5.863,5.862,5.845
9/1/1993,,,,,5.687,5.654,5.635,5.693,5.78,6.012,6.111,6.117,6.068
8/1/1993,,,,,5.718,5.726,5.759,5.789,5.905,6.067,6.227,6.219,6.165
7/1/1993,,,,,5.882,5.859,6.015,6.014,6.192,6.312,6.487,6.493,6.531
6/1/1993,,,,,6.139,6.14,6.19,6.184,6.345,6.479,6.636,6.64,6.638
5/1/1993,,,,,6.343,6.333,6.373,6.346,6.516,6.764,6.803,6.903,6.819
4/1/1993,,,,,6.329,6.273,6.318,6.273,6.438,6.487,6.8,6.809,6.804
3/1/1993,,,,,6.158,6.153,6.209,6.214,6.278,6.378,6.667,6.667,6.703
2/1/1993,,,,,6.334,6.294,6.33,6.274,6.342,6.235,6.639,6.535,6.691
1/1/1993,,,,,6.978,6.891,6.854,6.784,6.858,6.831,7.109,7.066,7.065
12/1/1992,,,,,7.176,7.125,7.027,6.929,6.963,6.956,7.292,7.292,7.19
11/1/1992,,,,,7.271,7.209,7.189,7.104,7.19,7.179,7.403,7.427,7.319
10/1/1992,,,,,7.314,7.279,7.285,7.222,7.231,7.309,7.442,7.465,7.33
9/1/1992,,,,,8.123,7.94,7.817,7.659,7.712,7.549,7.696,7.601,7.471
8/1/1992,,,,,9.13,8.826,8.616,8.361,8.296,8.199,8.143,8.143,7.889
7/1/1992,,,,,9.081,8.838,8.685,8.493,8.394,8.352,8.278,8.241,8.156
6/1/1992,,,,,8.991,8.796,8.601,8.395,8.336,8.244,8.217,8.125,8.031
5/1/1992,,,,,8.827,8.595,8.43,8.25,8.192,8.148,8.096,8.031,7.93
4/1/1992,,,,,8.935,8.688,8.548,8.357,8.164,8.184,8.025,8.139,7.995
3/1/1992,,,,,8.851,8.634,8.491,8.27,8.161,8.118,8.026,8.085,7.997
2/1/1992,,,,,8.561,8.407,8.226,8.151,7.998,7.929,7.858,7.902,7.831
1/1/1992,,,,,8.562,8.377,8.193,8.189,8.036,7.952,,,7.856
12/1/1991,,,,,9.05,9.025,8.53,8.56,8.415,8.237,,,8.009
11/1/1991,,,,,9.048,9.002,8.685,8.798,8.651,8.479,,,8.328
10/1/1991,,,,,9.008,8.975,8.757,8.795,8.672,8.628,,,8.36
9/1/1991,,,,,8.956,8.935,8.878,8.797,8.705,8.574,,,8.397
8/1/1991,,,,,8.905,8.884,8.83,8.796,8.726,8.828,,,8.464
7/1/1991,,,,,8.728,9.068,9.014,8.983,8.96,9.011,,,8.669
6/1/1991,,,,,8.485,8.886,8.754,8.738,8.397,9.077,,,8.492
5/1/1991,,,,,8.4,8.624,8.522,8.499,8.148,8.73,,,8.266
4/1/1991,,,,,8.712,8.758,8.579,8.602,8.567,8.976,,,8.341
3/1/1991,,,,,8.795,8.786,8.61,8.625,8.664,8.143,,,8.484
2/1/1991,,,,,8.676,8.674,8.623,8.564,8.538,7.614,,,8.329
1/1/1991,,,,,9.006,9.045,,8.944,,7.701,,,8.615
12/1/1990,,,,,9.01,9.017,,9.003,,7.335,,,8.998
11/1/1990,,,,,8.974,8.999,,9.002,,7.166,,,8.824
10/1/1990,,,,,8.799,8.893,,8.646,,6.941,,,8.957
9/1/1990,,,,,9.006,9.138,,8.839,,6.698,,,9.129
8/1/1990,,,,,8.906,8.96,,8.968,,6.916,,,8.651
7/1/1990,,,,,8.548,8.504,,9.061,,7.151,,,8.705
6/1/1990,,,,,8.681,8.707,,8.796,,6.888,,,8.779
5/1/1990,,,,,8.819,8.917,,8.959,,6.944,,,8.412
4/1/1990,,,,,8.954,9.048,,8.169,,7.023,,,8.638
3/1/1990,,,,,8.622,8.796,,7.724,,6.674,,,7.689
2/1/1990,,,,,8.833,8.913,,7.778,,6.423,,,7.252
1/1/1990,,,,,8.179,8.148,,7.408,,6.32,,,7.281